{"((1, 2), 'Stop')":-43.512,"((1.0, 1.0), 'North')":-2.1360000000000006,"((1.0, 2.0), 'South')":-23.568,"((1.0, 2.0), 'North')":-28.080000000000005,"((1.0, 3.0), 'North')":-30.36,"((1.0, 3.0), 'Stop')":-21.6,"((1.0, 3.0), 'South')":-15.4,"((1.0, 4.0), 'Stop')":-41.16,"((1.0, 7.0), 'North')":-47.86676255801345,"((1.0, 8.0), 'South')":-55.48843028480001,"((1.0, 7.0), 'Stop')":-37.632000000000005,"((1.0, 7.0), 'South')":-43.83904,"((1.0, 6.0), 'North')":-59.89803110400001,"((1.0, 8.0), 'North')":-59.696577590067214,"((1.0, 9.0), 'South')":-49.75926949888001,"((1.0, 8.0), 'Stop')":-53.59776000000001,"((1.0, 9.0), 'Stop')":-51.86880000000001,"((1.0, 9.0), 'North')":-48.858237142183455,"((1.0, 11.0), 'North')":-46.75695360000001,"((1.0, 12.0), 'Stop')":-31.752000000000002,"((1.0, 12.0), 'South')":-35.886032430917226,"((1.0, 11.0), 'South')":-41.034550693232646,"((1.0, 10.0), 'Stop')":-50.13984,"((1.0, 10.0), 'South')":-46.43522290974721,"((1.0, 6.0), 'Stop')":-57.05568000000001,"((1.0, 6.0), 'South')":-54.247168,"((1.0, 5.0), 'Stop')":-39.98400000000001,"((1.0, 4.0), 'North')":-48.906240000000004,"((1.0, 4.0), 'South')":-38.576,"((1.0, 1.0), 'Stop')":-30.6,"((1.0, 5.0), 'South')":-42.32032,"((1.0, 5.0), 'North')":-49.186624,"((1.0, 10.0), 'North')":-39.02758213864653,"((1.0, 11.0), 'Stop')":-48.41088,"((1.0, 12.0), 'North')":-35.149056,"((1.0, 13.0), 'South')":-29.220349142183448,"((1.0, 13.0), 'Stop')":-30.576,"((1.0, 13.0), 'North')":-31.658560000000005,"((2.0, 14.0), 'East')":-20.200000000000003,"((1.0, 14.0), 'South')":-26.732032000000004,"((1.0, 14.0), 'East')":-20.008000000000003,"((2.0, 14.0), 'West')":-18.209600000000002,"((1.0, 14.0), 'Stop')":-29.400000000000002,"((2.0, 14.0), 'Stop')":-14.200000000000001,"((3.0, 14.0), 'Stop')":-13.4,"((3.0, 14.0), 'West')":-14.841920000000002,"((3.0, 14.0), 'South')":-16.592000000000002,"((3.0, 13.0), 'South')":-11.16,"((3.0, 11.0), 'Stop')":-11.600000000000001,"((3.0, 11.0), 'South')":-5.0,"((3.0, 10.0), 'Stop')":-11.0,"((3.0, 10.0), 'North')":-4.800000000000001,"((3.0, 10.0), 'East')":4.6000000000000005,"((4.0, 10.0), 'West')":-3.4640000000000004,"((4.0, 10.0), 'South')":-3.6,"((4.0, 9.0), 'South')":5.0,"((4.0, 8.0), 'Stop')":-5.2,"((4.0, 8.0), 'South')":1.4000000000000001,"((4.0, 6.0), 'West')":-1.4000000000000001,"((4.0, 6.0), 'East')":2.4000000000000004,"((5.0, 7.0), 'West')":53.93809607065295,"((4.0, 7.0), 'South')":3.24,"((5.0, 6.0), 'South')":49.4453016054066,"((5.0, 5.0), 'East')":4.571642306560001,"((6.0, 5.0), 'West')":15.821763901849602,"((3.0, 13.0), 'Stop')":-12.8,"((3.0, 13.0), 'North')":-14.9712,"((3.0, 12.0), 'South')":-10.080000000000002,"((3.0, 12.0), 'Stop')":-12.200000000000001,"((3.0, 12.0), 'North')":-7.245440000000001,"((3.0, 11.0), 'North')":-5.4,"((5.0, 10.0), 'West')":11.825484602474848,"((3.0, 6.0), 'South')":-1.6,"((3.0, 5.0), 'Stop')":-8.4,"((3.0, 5.0), 'South')":-1.8,"((3.0, 4.0), 'North')":-2.4000000000000004,"((3.0, 5.0), 'North')":10.315532519250961,"((3.0, 4.0), 'South')":-3.952,"((3.0, 3.0), 'South')":-3.9600000000000004,"((3.0, 2.0), 'South')":-6.800000000000001,"((3.0, 1.0), 'Stop')":-13.8,"((3.0, 1.0), 'North')":6.2,"((3.0, 2.0), 'North')":-5.4559999999999995,"((3.0, 3.0), 'Stop')":-8.8,"((3.0, 3.0), 'North')":-5.064,"((3.0, 4.0), 'Stop')":-8.6,"((3.0, 2.0), 'Stop')":-9.0,"((3.0, 6.0), 'Stop')":-8.200000000000001,"((3.0, 6.0), 'East')":5.4,"((7.0, 5.0), 'Stop')":-4.800000000000001,"((7.0, 5.0), 'North')":60.99453860932924,"((7.0, 6.0), 'Stop')":-4.2,"((8.0, 6.0), 'West')":64.99988730977466,"((7.0, 6.0), 'East')":64.99988957819197,"((9.0, 6.0), 'South')":89.78817159818317,"((9.0, 5.0), 'North')":45.862852411587525,"((10.0, 6.0), 'East')":125.90363780482326,"((11.0, 6.0), 'West')":9.63267264808888,"((12.0, 6.0), 'Stop')":13.652723209791471,"((10.0, 7.0), 'South')":11.961107880799256,"((12.0, 7.0), 'Stop')":6.601092096000002,"((12.0, 8.0), 'East')":41.81197731445826,"((13.0, 8.0), 'Stop')":35.178180572809,"((13.0, 7.0), 'East')":27.016000000000002,"((14.0, 8.0), 'East')":60.604228493065975,"((15.0, 8.0), 'South')":63.58495091811244,"((15.0, 7.0), 'Stop')":53.582279067068484,"((14.0, 7.0), 'Stop')":10.5457408,"((13.0, 6.0), 'Stop')":6.7794048,"((16.0, 8.0), 'East')":11.8,"((17.0, 7.0), 'South')":158.90503361772335,"((17.0, 6.0), 'Stop')":143.86062318810136,"((18.0, 7.0), 'West')":75.29523709769117,"((17.0, 8.0), 'East')":39.4256,"((18.0, 8.0), 'East')":37.726101825945605,"((19.0, 8.0), 'North')":64.3726100054016,"((19.0, 9.0), 'Stop')":52.13813047296001,"((18.0, 9.0), 'South')":33.46560000000001,"((20.0, 9.0), 'East')":223.62518925768285,"((22.0, 9.0), 'Stop')":94.12784066755816,"((21.0, 9.0), 'West')":228.9126190869721,"((21.0, 8.0), 'Stop')":140.65094404601655,"((4.0, 10.0), 'Stop')":-6.0,"((4.0, 10.0), 'East')":-3.4000000000000004,"((3.0, 8.0), 'East')":5.0,"((16.0, 7.0), 'East')":60.841721844642976,"((23.0, 9.0), 'Stop')":79.07637702455588,"((1.0, 2.0), 'Stop')":-22.200000000000003,"((4.0, 8.0), 'North')":-2.0,"((4.0, 8.0), 'West')":-6.4,"((4.0, 7.0), 'East')":-1.6,"((4.0, 7.0), 'North')":34.99960503756594,"((4.0, 6.0), 'Stop')":-4.4,"((4.0, 6.0), 'North')":36.96936102435772,"((3.0, 8.0), 'Stop')":-13.4,"((5.0, 6.0), 'West')":13.717294975114221,"((6.0, 10.0), 'West')":-5.305561600000001,"((5.0, 10.0), 'Stop')":-10.200000000000001,"((7.0, 6.0), 'South')":2.0,"((6.0, 5.0), 'Stop')":-5.6000000000000005,"((7.0, 9.0), 'West')":-4.516224,"((6.0, 9.0), 'Stop')":-9.600000000000001,"((6.0, 9.0), 'North')":16.571481600000006,"((6.0, 10.0), 'North')":-1.2510529816017073,"((6.0, 11.0), 'South')":19.816122228319774,"((6.0, 10.0), 'Stop')":-5.2,"((6.0, 10.0), 'South')":-3.6240639999999997,"((6.0, 13.0), 'North')":-1.0,"((6.0, 12.0), 'West')":-5.6000000000000005,"((5.0, 12.0), 'Stop')":-12.600000000000001,"((5.0, 12.0), 'East')":15.827100654796801,"((6.0, 12.0), 'North')":10.089825726464001,"((6.0, 14.0), 'South')":14.64,"((6.0, 13.0), 'Stop')":-4.0,"((5.0, 14.0), 'Stop')":-12.200000000000001,"((5.0, 14.0), 'East')":7.928000000000001,"((6.0, 13.0), 'East')":-0.8,"((7.0, 13.0), 'East')":19.66458506046699,"((8.0, 13.0), 'East')":37.98503540279702,"((9.0, 13.0), 'West')":45.56532256347735,"((8.0, 14.0), 'South')":13.522495173828867,"((10.0, 13.0), 'West')":17.95219126108224,"((6.0, 13.0), 'South')":5.764515328000001,"((4.0, 9.0), 'North')":12.600000000000001,"((5.0, 10.0), 'East')":12.207372692373426,"((7.0, 9.0), 'East')":-7.4,"((7.0, 9.0), 'South')":-7.6000000000000005,"((7.0, 8.0), 'North')":6.0,"((7.0, 9.0), 'Stop')":-5.0,"((10.0, 14.0), 'South')":8.519405864000877,"((11.0, 13.0), 'Stop')":-3.6,"((11.0, 13.0), 'East')":8.4,"((12.0, 13.0), 'North')":3.8000000000000003,"((13.0, 14.0), 'Stop')":-1.4000000000000001,"((14.0, 14.0), 'East')":32.51210788371825,"((15.0, 14.0), 'Stop')":12.53746894572749,"((13.0, 14.0), 'West')":12.171968000000003,"((12.0, 14.0), 'East')":11.287354880000002,"((5.0, 6.0), 'North')":-0.8,"((5.0, 6.0), 'Stop')":-3.8000000000000003,"((5.0, 5.0), 'Stop')":-3.4000000000000004,"((5.0, 5.0), 'North')":49.330722166290755,"((5.0, 4.0), 'North')":17.57380565081075,"((7.0, 5.0), 'West')":2.16,"((6.0, 5.0), 'East')":38.892023907917434,"((9.0, 6.0), 'East')":6.2,"((10.0, 6.0), 'North')":19.067043223142402,"((11.0, 6.0), 'Stop')":-1.0,"((11.0, 6.0), 'East')":9.0,"((12.0, 6.0), 'East')":8.0,"((13.0, 5.0), 'East')":7.2,"((14.0, 5.0), 'East')":7.2,"((15.0, 4.0), 'North')":13.534080000000001,"((15.0, 5.0), 'South')":15.6358528,"((5.0, 7.0), 'South')":13.926593743809553,"((8.0, 6.0), 'Stop')":-3.4000000000000004,"((9.0, 6.0), 'West')":68.98987168683476,"((10.0, 6.0), 'West')":59.65861112810991,"((10.0, 7.0), 'Stop')":-4.0,"((9.0, 5.0), 'Stop')":-5.0,"((5.0, 4.0), 'Stop')":-6.6000000000000005,"((5.0, 5.0), 'South')":0.2,"((5.0, 4.0), 'South')":0.0,"((5.0, 3.0), 'Stop')":-6.800000000000001,"((5.0, 3.0), 'North')":-0.6000000000000001,"((5.0, 2.0), 'East')":-0.2,"((6.0, 2.0), 'Stop')":-7.0,"((6.0, 2.0), 'East')":7.4,"((7.0, 3.0), 'East')":-3.4000000000000004,